CHSI_County_Name,CHSI_State_Name,Population_Size,Brst_Cancer,Col_Cancer,CHD,Lung_Cancer,MVA,Stroke,Suicide,Injury,No_HS_Diploma,Unemployed,Sev_Work_Disabled,Major_Depression,Recent_Drug_Use,All_Death,Death_Rate
Alameda,California,1448905,24.7,18,161.2,47.4,7.7,63.7,7.6,16.3,168990,38900,26209,74851,95364,751,0.05%
Amador,California,38471,23.1,21,175.1,56.6,22.7,64.5,17.6,18.8,4523,905,2133,2180,2678,801.4,2.08%
Butte,California,214185,22.1,19.9,174,59.5,18.6,62.5,14.8,27.9,23834,6489,12091,11379,15957,878.8,0.41%
Calaveras,California,46871,18.8,15.2,166.9,58.3,36.7,57.2,17.5,19.6,4833,1206,2430,2600,3228,752.2,1.60%
Colusa,California,21095,21.1,23.8,202.3,55.6,25.4,54.6,12.6,17.2,4549,1249,830,1034,1445,866.6,4.11%
Contra Costa,California,1017787,27.1,17.2,152.5,46.6,9.9,61.5,9.4,14.6,87405,24606,19668,52118,67356,737.8,0.07%
El Dorado,California,176841,24.6,17,153.7,51.4,13.1,47.1,14.3,19.6,13080,4194,4741,9422,12175,758.8,0.43%
Fresno,California,877584,22.6,15.8,192.4,43.4,22.6,67.1,8.7,20.8,164823,36776,24459,41867,59931,836.8,0.10%
Glenn,California,27759,28.4,21.2,158.6,62.2,30.1,63.9,20.3,21.9,5297,985,1317,1370,1901,874.6,3.15%
Humboldt,California,128376,26.8,19.8,153.7,64.6,21.5,53.6,18.9,46,12731,3658,7815,6911,9299,952.7,0.74%
Imperial,California,155823,21.5,13.9,169.6,43.3,19.5,61.8,5.3,14.1,36849,9740,7760,7492,10772,777.3,0.50%
Inyo,California,18156,26.1,21,232.6,55.4,26.8,64,19.3,30.5,2247,453,1387,983,1228,889.3,4.90%
Kern,California,756825,27,20.5,268.9,57.8,21.7,61.9,11,24.7,139010,27239,23329,36250,51564,972.6,0.13%
Kings,California,143420,23,18.5,180.6,50.2,25.6,59.2,9.4,15.9,26729,5121,6664,7092,9980,865.6,0.60%
Lake,California,65147,23.6,15.8,195.3,74.2,23.1,74.2,15.5,32.1,10150,1984,4571,3484,4448,959.7,1.47%
Lassen,California,34751,16.8,11.8,188.2,51.7,13.8,50.8,15.8,23.4,4828,993,1841,1930,2571,824.6,2.37%
Los Angeles,California,9935475,23.3,17.5,210.6,39.9,9.7,54.1,7.9,13.9,1872316,256472,370924,495905,665392,747.3,0.01%
Madera,California,142788,18.8,14.7,210.1,49,28.8,56.5,11.7,24.5,30140,4795,4112,7076,9746,826.6,0.58%
Marin,California,246960,27.1,16,128.2,42,5.9,55,11.3,14.1,15885,5049,5868,13576,15907,636.5,0.26%
Mariposa,California,18069,32.3,19.2,174.6,55.7,35,55.8,11.7,27.4,1904,546,902,1011,1284,820.7,4.54%
Mendocino,California,88161,25.4,21.5,152.8,54,17.2,65,15.9,34,11333,2542,4636,4642,6000,859.5,0.97%
Merced,California,241706,25.9,19.4,202.4,46.4,23.8,75.2,8.4,20.5,49138,9839,7595,11240,16421,881.2,0.36%
Modoc,California,9524,19.9,18.1,187.4,50.9,28,70.3,19.3,36.3,1508,319,671,517,659,936.6,9.83%
Monterey,California,412104,22.6,15.2,144.4,41.7,14.9,59.6,9.3,17.7,78926,15353,12029,20267,27891,713.5,0.17%
Napa,California,132764,24.3,21.2,153.7,51.9,10.7,72.9,7.4,17.1,17566,3046,3171,7004,8942,787,0.59%
Nevada,California,98394,21.9,18.7,154.2,52,16.4,73.1,16.8,25.1,6804,2281,5550,5447,6799,757,0.77%
Orange,California,2988072,23.2,15.2,177.7,41,8.5,56,7.6,12.7,392129,60432,89065,150645,197331,687.3,0.02%
Placer,California,317028,23.4,15.1,152.6,50.5,12.7,62,12.8,19.7,20463,6440,7655,16837,21528,719.9,0.23%
Plumas,California,21477,32.8,18.7,147,65.4,25.5,41.9,19.9,20.8,1855,847,2598,1195,1481,847.5,3.95%
Riverside,California,1946419,26,19.4,219.3,49.5,16.7,60,9.8,16.1,297794,42936,83445,96145,132670,805.7,0.04%
Sacramento,California,1363482,25.5,17,193.1,53.7,13.7,69.5,10.9,16.9,144113,32403,37606,68447,91279,821.6,0.06%
San Benito,California,55936,23.5,14.9,136.1,39.1,18.8,59.9,6.7,15.7,8339,1989,2318,2683,3726,724.6,1.30%
San Bernardino,California,1963535,26.2,20.4,241.3,51.9,16.9,60.7,10.3,12.5,295593,43325,57473,93938,134224,916.2,0.05%
San Diego,California,2933462,26.5,16.5,164.6,45.5,10.8,58.3,10.5,14.9,321491,64744,94832,149211,200974,746.8,0.03%
San Francisco,California,739426,22.8,17.4,160.6,41.6,6.7,60.3,11,22.6,108473,21518,26509,43296,48861,723.6,0.10%
San Joaquin,California,664116,25.9,16.1,211.1,57.8,18.3,73.8,10,19.7,114335,21851,15449,32249,45098,874.1,0.13%
San Luis Obispo,California,255478,21.3,17.6,140.4,48.5,12.9,53.7,13.1,18.3,24056,5394,6293,13891,18985,708.5,0.28%
San Mateo,California,699610,23.4,17.4,129.1,42.4,7.9,57.2,7.1,12.4,71026,15693,19311,36884,44971,641.6,0.09%
Santa Barbara,California,400762,21.2,15.1,152.4,41.2,10,54.3,10,20.4,51492,9282,9515,20550,28582,686.2,0.17%
Santa Clara,California,1699052,20.9,13.6,139.7,35.7,8,53.1,7.6,11.2,187410,44962,42253,87537,110317,634.4,0.04%
Santa Cruz,California,249666,22.7,15.8,147.6,44.4,12.2,50.4,13,15.7,27158,9160,7145,13112,17527,736.3,0.29%
Shasta,California,179904,24,18.5,174,66.6,21.7,61.9,19.5,31,20123,5802,6431,9497,12375,914.2,0.51%
Siskiyou,California,45259,24.3,13.5,146,56,21.6,55.3,17.3,28.4,5076,1670,2413,2459,3122,839.5,1.85%
Solano,California,411593,24.3,19.1,160.1,52.6,11.6,69.8,9.4,15.1,41902,11422,9763,20576,27611,792.1,0.19%
Sonoma,California,466477,25,19.4,141.9,52.3,10.5,64.9,9.4,16,46951,11339,10826,24512,31741,769.6,0.16%
Stanislaus,California,505505,23.7,19.9,246.3,54.6,20.5,60.6,10.6,27.8,89586,18977,15745,24519,34231,907.4,0.18%
Sutter,California,88876,25.6,15.4,216.5,54.1,24.8,70.5,13,21,15060,3840,2416,4467,6026,889.9,1.00%
Tehama,California,61197,25.9,23.5,179.8,75.7,25.3,67.8,16,24,9655,1698,3947,3165,4207,926,1.51%
Trinity,California,13622,32.3,21.8,148.6,70.4,36.2,59.6,20.8,37.4,1856,524,1081,758,941,944,6.93%
Tulare,California,410874,22.6,16.4,188,48.3,24.3,66,8.8,23,88664,17366,12256,19106,27671,878.7,0.21%
Tuolumne,California,59380,26,19.5,165,54.7,26,49.9,16.9,26.4,6748,1604,3097,3364,4181,820.2,1.38%
Ventura,California,796106,23.5,16.5,158.6,42.4,10.6,52.1,9.1,17,100009,19949,12387,39811,53105,712.8,0.09%
Yolo,California,184932,19.8,16.4,147.6,52.2,9.8,62.7,8.9,22.8,21394,5086,4425,9449,14301,829.9,0.45%
Yuba,California,67153,25,22.3,238.6,82.6,27.4,86.5,18.2,28.8,11111,2316,2961,3231,4564,1064.3,1.58%
Adams,Colorado,399426,25.3,21.4,157.2,56,16.9,52.5,18.5,26.4,52084,11762,7610,26830,30335,941.9,0.24%
Alamosa,Colorado,15282,15.9,22.6,175.6,29,24.8,71.2,20.5,33.2,1504,458,314,1036,1352,983.4,6.44%
Arapahoe,Colorado,529090,20.9,16.3,117.8,44.2,11.4,47.6,16.5,24.8,31860,15031,10333,36874,39898,757.2,0.14%
Boulder,Colorado,280440,21.8,16.1,102.2,37.8,11.3,61.3,14.3,34.2,13068,7483,4362,20348,23308,729,0.26%
Chaffee,Colorado,16968,21.3,14.7,164.3,35.7,25.5,30.4,23.9,27.1,1425,430,470,1315,1318,763,4.50%
Delta,Colorado,29947,25.9,18.1,138.7,43.3,19.8,47.1,27.8,28.2,4127,735,863,2204,2272,792.7,2.65%
Denver,Colorado,557917,23.9,20.2,136,46.3,16.4,47,14.2,37.7,79178,18207,14836,39765,40390,854.2,0.15%
Douglas,Colorado,249416,20,16.5,97.3,33.1,11.6,59.1,10.4,18.6,4687,4893,4688,16762,18328,684.1,0.27%
Elbert,Colorado,22788,41.2,18.2,105.7,36,25.5,50.6,17.8,27.5,1120,542,468,1604,1761,766.5,3.36%
El Paso,Colorado,565582,23.6,16,119.8,40.9,15,84.8,17.4,20.5,30721,15354,8859,38849,44109,820.5,0.15%
Fremont,Colorado,47766,24.6,18.2,174.5,51.2,19.1,61.7,21.6,29.7,6694,1172,1375,3646,3712,915.6,1.92%
Garfield,Colorado,49810,22,14.5,138,46.8,23.3,60.3,18,31.4,4650,1110,1201,3427,3708,842.6,1.69%
Gunnison,Colorado,14226,23.7,23.4,118.9,30.7,25.4,41.8,16.4,37.9,529,355,330,1076,1344,784.2,5.51%
Huerfano,Colorado,7771,27.1,21.2,174.4,34.7,33.8,42.7,17.6,29.8,1240,254,198,593,598,905.1,11.65%
Jefferson,Colorado,526801,23.2,17.4,128.4,37.8,11.8,45.5,16.1,20,28929,15399,8630,37679,39690,763.8,0.14%
La Plata,Colorado,47452,25.9,10.6,99,27.8,26,38.5,19.9,26.7,2670,1108,1141,3524,4108,691.5,1.46%
Larimer,Colorado,271927,20.2,14.8,116.9,39.6,14.9,56.1,15.4,18.7,13286,7180,5820,19644,23186,730.5,0.27%
Las Animas,Colorado,15446,19.2,20.1,183.8,35.1,31.3,68,20.2,27.7,2394,402,521,1121,1203,858.6,5.56%
Logan,Colorado,20719,26.3,14.7,196.8,40.3,23.2,54.1,12.3,16.1,2367,428,489,1471,1649,811.7,3.92%
Mesa,Colorado,129872,19.9,17.9,154.5,50.3,17.7,52.7,19.8,20.6,12897,3310,4104,9382,10265,832,0.64%
Montezuma,Colorado,24778,26,20.5,169.7,49.6,43.8,56.5,21.6,38.2,3065,679,754,1752,1893,950.6,3.84%
Montrose,Colorado,37482,27.1,16.2,131.4,55,23.6,52,18.8,27.4,4804,887,1220,2676,2851,776.8,2.07%
Morgan,Colorado,27995,29.6,17.7,125,45.1,43.7,51.5,16.9,24.9,4891,633,644,1873,2116,836.3,2.99%
Otero,Colorado,19495,31.8,17.7,181.8,39.3,32.5,54.6,17.4,26.6,2999,620,669,1351,1509,946.3,4.85%
Park,Colorado,16949,29.4,23.2,118,38.5,32.8,40.4,16.5,12.3,805,427,464,1260,1258,673.1,3.97%
Prowers,Colorado,13892,22.6,23,147.1,55.6,26.5,40,12.3,22.2,2327,380,423,922,1083,884,6.36%
Pueblo,Colorado,151322,20.8,21.3,113.5,44,22.4,58.7,21.2,27.6,18366,4649,4569,10704,11787,880.1,0.58%
Rio Grande,Colorado,12227,28.4,24.7,181.3,32.2,29.7,82,18.9,22.3,1716,388,386,858,951,891.4,7.29%
Routt,Colorado,21313,27.9,11.1,88.7,40.2,16,36.7,14.5,26.7,709,540,509,1602,1649,748.7,3.51%
Teller,Colorado,21918,33.6,27.2,107,28.6,24.7,76.3,22.6,23.9,900,626,538,1602,1673,770.9,3.52%
Weld,Colorado,228943,26.2,14.7,133.6,43.7,23.5,57.8,12.3,19.6,28159,5574,5254,15646,18793,811.6,0.35%
Yuma,Colorado,9789,40.8,25.6,151.2,34.7,44.5,48.6,13.4,15.6,1291,199,264,680,741,835.2,8.53%
Adams,Illinois,67040,22.4,22.9,174.6,57.5,13.6,51.2,9.8,22.5,7321,1422,1457,3659,4034,870.5,1.30%
Alexander,Illinois,8927,30.3,33.1,247.3,77,26.7,80.1,12.6,24.2,1981,301,214,479,513,1052.5,11.79%
Bond,Illinois,18027,31.8,20.9,190.8,57.5,23.3,65,8.5,17.1,3306,497,307,1009,1139,871.6,4.83%
Boone,Illinois,50483,22.1,29.5,176.5,44.5,18.3,45.1,7,20.4,6163,1555,786,2654,3081,804.2,1.59%
Bureau,Illinois,35330,27.5,20.7,174.9,61.3,19.2,48,9.6,22.9,3848,956,620,1936,2052,826.7,2.34%
Carroll,Illinois,16086,29.8,25.8,211.7,65.2,23,62.5,13,17.4,1876,500,240,904,959,875.8,5.44%
Cass,Illinois,13898,34.3,27.3,257.9,61.4,14.1,56,9.6,21.9,1850,370,221,750,813,918.8,6.61%
Champaign,Illinois,184905,29,19.3,130.3,59.5,12.7,48.8,9.1,18.8,9434,3998,2188,10137,14335,799.8,0.43%
Christian,Illinois,35176,22.8,24,193.3,76.4,19,58.1,15.5,19.2,4615,978,730,1949,2076,897.7,2.55%
Clark,Illinois,16976,22.1,24.9,232.5,54.1,23.1,80,12.1,15.8,2326,466,312,936,1006,913.8,5.38%
Clay,Illinois,14122,29.7,21.8,204.1,65.1,22,87.2,9.5,16.1,2346,416,320,779,822,871.9,6.17%
Clinton,Illinois,36095,26.4,23.2,205,54,28,44.5,13.2,20.4,5489,905,692,2000,2233,826.3,2.29%
Coles,Illinois,51065,23.5,23.5,193.6,65.4,12,80.2,10.2,21,5138,1245,892,2894,3951,918.3,1.80%
Cook,Illinois,5303683,28.1,22.6,202.1,54.2,10.1,53.4,7.5,21.4,767904,167659,109005,280843,312195,868.8,0.02%
Crawford,Illinois,19898,32.2,30.8,225.3,56.1,20.1,90.5,8.2,21.4,2869,567,373,1124,1211,933.6,4.69%
Cumberland,Illinois,10973,15.3,29.3,201.6,66.1,18.7,78.6,12.5,21.6,1463,299,256,597,653,893,8.14%
DeKalb,Illinois,97665,35,20.3,164.2,51.7,14.7,51.1,8,15,6874,2808,1292,5329,7547,806.2,0.83%
De Witt,Illinois,16617,28.6,20.7,214.8,66.5,21,58.1,13,16.1,1873,459,406,910,965,919.3,5.53%
Douglas,Illinois,19950,29.2,20.2,188,57.8,21.2,56.3,11.4,22.5,2708,496,306,1061,1162,845.8,4.24%
DuPage,Illinois,929113,28.7,18.6,144.1,46.8,7.9,55.2,7.3,14.7,61088,24496,12450,49336,53909,721.6,0.08%
Edgar,Illinois,19157,21.3,26.5,190.5,68.3,24.2,104.7,12.4,16.4,2495,543,391,1076,1143,923.1,4.82%
Effingham,Illinois,34581,23,22.1,151.5,52.8,26.4,74.3,8.4,23.3,3717,1037,531,1828,2055,852.8,2.47%
Fayette,Illinois,21713,20.2,23.2,244.8,52.2,19.2,56.5,10.7,25.7,4121,680,391,1211,1326,928.2,4.27%
Ford,Illinois,14157,21.4,27.8,205.8,52.7,30,65.4,6.7,16.1,1337,352,220,772,833,945.9,6.68%
Franklin,Illinois,39723,27,30,192.1,78.7,30.1,49.7,12.5,21.9,6469,1248,1202,2217,2329,1038,2.61%
Fulton,Illinois,37708,21.4,23.1,176.3,61.8,19,62.9,11.3,22.1,5748,1066,951,2132,2250,883.5,2.34%
Greene,Illinois,14581,23.5,32.3,241.5,61.5,30.1,62.3,14.1,19.3,2078,404,362,794,863,940,6.45%
Grundy,Illinois,43838,30.5,26.3,183,60.5,14.8,42.3,7.3,22.9,3789,1618,673,2378,2677,839.4,1.91%
Hancock,Illinois,19153,25,27.5,191.6,58,18.1,63.2,11,18.4,1910,511,446,1069,1131,830.5,4.34%
Henderson,Illinois,7972,34.9,17.7,264.3,59.7,19.9,99.2,12.3,12,1002,236,232,456,474,857.1,10.75%
Henry,Illinois,50591,26.1,24.3,144.9,51.2,17.9,72,10.5,21.9,5352,1274,765,2789,3018,811.4,1.60%
Iroquois,Illinois,30677,24.8,27.8,235.6,52.4,32.5,66.3,11.3,20,4106,767,561,1686,1823,888.1,2.90%
Jackson,Illinois,57954,24.8,25.4,169,54.7,14.4,59.6,7.9,19.8,4765,1466,1103,3303,4858,890.7,1.54%
Jefferson,Illinois,40434,34.7,25.6,191.5,54.4,15.5,45,9.5,24.2,6339,1052,950,2235,2435,854.9,2.11%
Jersey,Illinois,22456,24.2,23,281,49.8,24.3,52.2,14,24.4,2600,619,447,1242,1427,932.9,4.15%
Jo Daviess,Illinois,22580,30.4,16.4,156.9,53.5,18,59,11.5,15.4,2638,555,400,1277,1315,749.3,3.32%
Johnson,Illinois,13169,28.4,25,205.8,65.2,17.5,52.3,13.4,21.1,3051,318,254,766,838,925.9,7.03%
Kane,Illinois,482113,31,21.3,150.4,56,10.8,59.9,8.4,17.1,58483,14138,5767,24413,28425,799.7,0.17%
Kankakee,Illinois,107972,27.4,19.3,236.3,66.4,22.9,70.3,10.2,25.6,13920,3361,1910,5710,6570,1016.4,0.94%
Kendall,Illinois,79514,33,23.5,138.4,53.2,15.6,50.9,10.5,15,5089,1931,1135,4175,4840,721.3,0.91%
Knox,Illinois,53309,24.7,21.5,191.7,65.8,8,72.6,10.9,23.1,6683,1921,1216,2980,3209,910.5,1.71%
Lake,Illinois,702682,27.6,18.4,160.5,52.5,8.7,60,7.6,16.5,58614,16165,9449,36015,41644,785.1,0.11%
La Salle,Illinois,112604,22.7,24,192.1,65.3,19.9,49.7,9.4,23.3,14127,3486,2520,6146,6671,854.9,0.76%
Lawrence,Illinois,15930,28.7,23.3,178.7,65,33.7,91,11.9,23.3,2102,427,469,907,961,1016.6,6.38%
Lee,Illinois,35669,29.9,24.8,192.5,57.7,24.8,59.6,15.2,19.8,4860,925,561,1991,2167,933.3,2.62%
Livingston,Illinois,39186,23.4,19.6,179.6,50.1,23.5,61.5,9.3,18.3,5752,939,711,2139,2348,834.9,2.13%
Logan,Illinois,30603,17,27.2,143.7,53,17.6,60.7,7.7,25.9,4005,751,748,1718,1976,894,2.92%
McDonough,Illinois,31966,18,24,175.7,56.2,11.4,80.6,7.5,16.8,2245,717,560,1841,2830,790.5,2.47%
McHenry,Illinois,303990,29.5,25.5,157.6,55.8,14.5,55.7,6.4,15.3,20973,8354,4390,15814,17884,806,0.27%
McLean,Illinois,159013,24.5,20.3,164.1,54.8,14.2,58.4,9.8,16.3,8574,3513,2108,8625,11629,834.3,0.52%
Macon,Illinois,110167,22.7,21.7,132.5,64.2,12.4,76.1,8.4,24.1,12240,3271,3860,5965,6624,866.7,0.79%
Macoupin,Illinois,49111,17.9,19.9,181.9,61.3,25.7,53.4,12.7,24,5984,1423,886,2718,2969,886,1.80%
Madison,Illinois,264309,25,22.8,188.6,64.4,16.8,59.7,13.6,24.3,27480,7435,4467,14404,16119,911.1,0.34%
Marion,Illinois,40144,26.5,23.8,208.2,60.9,22.4,52.6,18.7,18.2,5688,1192,980,2182,2340,936.5,2.33%
Mason,Illinois,15741,30.1,28.9,195.3,64,21.4,49,15.4,24.3,2161,519,272,868,933,934.9,5.94%
Massac,Illinois,15348,13.4,26,224.9,67.4,19.4,72.8,14.5,39.8,2496,392,626,848,888,1061,6.91%
Menard,Illinois,12738,33.3,23.3,200.2,50.8,27.7,56.1,9.8,20,1016,312,294,697,753,889.6,6.98%
Mercer,Illinois,16912,12.8,14.1,195.6,52.3,24.9,50.4,6.2,20.1,1777,491,333,939,990,837.2,4.95%
Montgomery,Illinois,30396,22.5,25.3,153,67.8,20.9,86.1,22.8,18.1,4819,937,641,1699,1820,901,2.96%
Morgan,Illinois,35722,17.1,23,245.9,68.1,19.3,50.7,8,21.1,4787,982,821,1990,2262,901.3,2.52%
Moultrie,Illinois,14510,35.2,19.5,182.6,53.8,15.8,88.5,12,20.2,2074,336,258,793,860,934.6,6.44%
Ogle,Illinois,54290,19.3,21.6,137.9,59.2,20.7,65.1,11.2,18,6161,1397,819,2941,3239,823.2,1.52%
Peoria,Illinois,182328,21.2,22.1,152.4,66.1,10.1,77.9,9.9,21.8,19008,4619,3195,9711,11026,853.6,0.47%
Perry,Illinois,22815,37.3,24.1,246.6,58.2,20.8,49.5,14.7,19.2,4336,692,394,1283,1412,907.9,3.98%
Pike,Illinois,17099,28.6,25.7,158.7,60.6,24,53.9,13.1,23.6,2404,436,335,955,1025,841.2,4.92%
Randolph,Illinois,33122,27.1,22.5,197.2,56.1,25.7,67.1,14.4,27,6513,845,544,1871,2061,915.7,2.76%
Richland,Illinois,15798,24.1,23.7,212.1,58.9,21.3,57.6,10.4,22.3,1805,417,375,871,926,871.1,5.51%
Rock Island,Illinois,147808,27.9,16.5,167.2,54.9,11,59.4,11.7,17.1,17247,3657,2643,8078,8843,810.7,0.55%
St. Clair,Illinois,260067,27.2,23.5,182.4,69.6,16.2,56.4,9.3,22.8,31801,7574,4461,13727,15710,981.7,0.38%
Saline,Illinois,26072,18.8,24.8,232.6,88.5,22.6,80.6,12.1,30.8,4257,732,819,1431,1548,1081.9,4.15%
Sangamon,Illinois,192789,30.2,22.8,148.3,60,13.6,56.5,10.9,17.8,15502,4859,4099,10486,11258,855.9,0.44%
Schuyler,Illinois,7073,31.3,23.8,309.8,65.4,17.6,63,15.3,19.3,821,208,215,397,408,883.1,12.49%
Shelby,Illinois,22322,29.3,20.8,198.3,48.4,25.4,67.3,7.8,20.2,2629,599,511,1227,1306,843.4,3.78%
Stephenson,Illinois,47965,20.9,17.1,138.6,51.9,15.5,55.6,9.2,17.8,5195,1359,701,2614,2788,807.7,1.68%
Tazewell,Illinois,129999,24.6,21.6,151.6,57.6,9.9,62,15.4,16.9,13357,3225,1991,7173,7654,832.6,0.64%
Union,Illinois,18202,22,26.5,222.6,69.2,25.3,68,12.5,25.1,3185,542,535,1014,1077,1009.3,5.54%
Vermilion,Illinois,82344,23.8,21.8,187.9,75.7,21.2,63.6,9.9,21.3,11809,2428,1698,4451,4780,948.7,1.15%
Warren,Illinois,17558,27.3,29.9,232.4,54,14.9,75.8,8.3,11,2040,518,290,969,1124,869.1,4.95%
Washington,Illinois,14922,28.1,26.1,283.7,44.8,36.8,60.6,9.5,17.9,2092,387,237,820,908,847.6,5.68%
Wayne,Illinois,16796,23.9,17.6,228,62.4,18.8,56.7,13.9,17.3,2901,419,297,935,983,845.5,5.03%
White,Illinois,15284,17.7,25.9,288.5,66.2,22.7,44,10.4,24.9,2771,390,339,876,909,930.1,6.09%
Whiteside,Illinois,59863,27.1,19.5,204.2,55.6,11.6,60.9,9.5,19.7,8220,1746,884,3268,3495,804.5,1.34%
Will,Illinois,642813,26.4,21.2,197.4,55.1,12.3,53.5,9.2,16.5,52686,17894,6412,33167,38442,814.4,0.13%
Williamson,Illinois,63617,31.5,24.2,168.8,61.7,21.1,55.5,11.9,20.5,8923,1712,1692,3557,3783,920.6,1.45%
Winnebago,Illinois,288695,25.9,17.6,170.2,62.2,12.5,58.6,10.1,24.6,35276,9120,3534,15380,16951,851,0.29%
Woodford,Illinois,37448,19.5,16.7,153.2,38.1,13.5,71.5,7.1,14.4,2981,742,546,2029,2319,757.1,2.02%
Appling,Georgia,17954,20.7,23.6,155.8,67.6,35.9,83.5,8.9,36.1,3831,548,639,1064,896,1087.2,6.06%
Bacon,Georgia,10379,28.3,24.6,320.8,67.1,39.8,100.9,10.1,36,2194,262,339,620,521,1239.2,11.94%
Baldwin,Georgia,45230,22.6,13.2,213.4,65.1,18.9,92.7,12.7,24.4,7903,1122,1313,2819,2628,1040.1,2.30%
Banks,Georgia,16055,21.7,15.1,219,61.1,31,82.9,14.7,24.6,3714,362,637,969,803,942.1,5.87%
Barrow,Georgia,59954,21.1,17.9,164.7,64,31.6,75.5,12.7,27.8,10220,1330,1494,3493,3000,1007.6,1.68%
Bartow,Georgia,89229,24.8,20.6,170.7,75.5,18.8,58.5,12.1,23.5,16115,2549,2101,5197,4422,1037.7,1.16%
Ben Hill,Georgia,17316,27.6,26.4,197.2,83.5,22.8,65.4,10.1,23.8,3742,481,534,1007,873,1124.4,6.49%
Berrien,Georgia,16708,24.9,17,198.1,78.6,38.1,64.3,17.3,26.5,3709,378,525,995,845,1076.3,6.44%
Bibb,Georgia,154918,26.4,19,178.5,56.4,18.9,77.6,11.7,37.2,22273,4312,4065,9011,7826,1072.3,0.69%
Bleckley,Georgia,12141,13.8,18.4,143.7,84.6,35.5,63.9,20.1,31.4,2140,395,310,718,667,1060.5,8.73%
Brantley,Georgia,15491,17.2,12.8,218.5,88.1,33.1,83.7,12.4,36.3,2816,401,537,934,797,1093,7.06%
Brooks,Georgia,16327,16.3,21.4,155.1,66.5,45.8,70.5,12.8,19.6,3430,373,560,974,842,1056.1,6.47%
Bryan,Georgia,28549,25.5,24,149.6,64.2,30.4,59.5,14.8,25.9,3720,541,748,1663,1505,987.7,3.46%
Bulloch,Georgia,61454,23.7,18.3,106.5,49.5,14.4,83.1,11.9,21.1,7290,1322,1714,3688,4115,933.9,1.52%
Burke,Georgia,23299,24.2,21.8,240.6,58.7,55.6,86.7,11.4,34,4869,784,1035,1302,1185,1173.9,5.04%
Butts,Georgia,21045,37.6,19.7,201.2,72.3,31.5,94,14.3,26.8,4169,571,617,1259,1066,1086.9,5.16%
Camden,Georgia,45759,25.7,15.5,166.6,50.2,15.3,42.4,11.1,16.7,4499,1017,1088,2526,2347,880.7,1.92%
Candler,Georgia,10321,29.3,22.8,164.7,59.1,31.9,76.7,17,36.4,2848,215,281,608,522,1075.5,10.42%
Carroll,Georgia,105453,24.8,17.9,203.5,66.4,25.3,103.2,13.7,28.2,19026,2713,3785,6242,5681,1045.8,0.99%
Catoosa,Georgia,60813,21.3,16.1,220.7,73.8,14.1,50.8,10.8,24.1,9817,1387,1678,3678,3051,878.9,1.45%
Charlton,Georgia,10790,28.4,17.3,231.2,66.6,31.9,74.1,9.8,27.3,2414,230,404,652,588,1140.9,10.57%
Chatham,Georgia,238410,24.8,20.9,145.3,54.4,14.6,57.2,10.3,22.9,29982,5846,6959,14150,12490,967.7,0.41%
Chattooga,Georgia,26570,29.4,18.7,247,74.6,25.9,94,11,21,7164,606,931,1642,1355,1042.3,3.92%
Cherokee,Georgia,184211,24.1,16.9,150.6,56.8,13.9,65.4,12.1,23.9,18339,3721,3786,10737,9210,924.2,0.50%
Clarke,Georgia,104439,29.5,19.6,164.5,50.6,15.4,74.6,9.2,21.5,10300,2516,2488,6580,7720,914.7,0.88%
Clayton,Georgia,267966,27.5,17.2,189.3,56.8,16,47,11.5,26.1,32394,9076,6699,15024,13365,939,0.35%
Cobb,Georgia,663818,24.9,15.5,122.6,49.4,9.2,55.1,9.2,29.6,48304,17869,9978,39169,32889,827.5,0.12%
Coffee,Georgia,39674,24.9,20.3,213.4,63.5,28.4,72.9,8,24.3,8713,1061,1490,2291,2020,1043,2.63%
Colquitt,Georgia,43915,25.5,21.8,184.6,63,35.8,69.2,12,29.6,9772,1035,1248,2567,2231,1055.7,2.40%
Columbia,Georgia,103812,26,16.8,148.2,66.2,15.9,62.2,11,18.5,7990,2460,2208,6094,5350,838.3,0.81%
Cook,Georgia,16366,32.2,23,262.5,64.8,26,101.6,13,23.7,3659,423,493,957,839,1080.9,6.60%
Coweta,Georgia,109903,28.2,18.7,145.6,68.6,20.6,77.2,10.2,29.8,13033,2546,2741,6424,5453,973.1,0.89%
Crisp,Georgia,22017,26.3,18.8,160.5,80,25.3,81.6,11.5,31.3,4732,688,796,1271,1105,1130.5,5.13%
Dade,Georgia,16040,21.8,18.6,219.9,69.7,28.6,70.3,11.1,27.5,3446,394,380,983,875,978.2,6.10%
Dawson,Georgia,19731,29.9,22.4,195.8,58.5,30.9,72.5,7.3,17,2774,409,534,1204,974,997.2,5.05%
Decatur,Georgia,28618,29.9,27.9,128.9,64.8,26.9,71.6,9.4,25.7,5473,761,830,1664,1454,1084.1,3.79%
DeKalb,Georgia,677959,27,18.8,121.6,43.4,12.1,57.2,9.7,21.8,65860,23451,16800,40447,34110,802.8,0.12%
Dodge,Georgia,19574,24.9,19.2,220.4,70.2,36.2,76.4,12,29.1,4316,526,623,1184,1024,1101.2,5.63%
Dooly,Georgia,11749,42.2,20.6,237.8,61.9,38,86.2,13.5,30.8,2378,339,390,704,610,1068.1,9.09%
Dougherty,Georgia,94882,27.6,19.5,153.8,75.5,16,80.1,10,16.2,15106,2738,3666,5455,5004,985.3,1.04%
Douglas,Georgia,112760,27.3,15.3,172.7,64.6,16.4,65.5,14,24.7,13434,3181,2395,6559,5765,1016.2,0.90%
Early,Georgia,12056,28.1,19.8,232.8,59.5,28.3,89.4,10.7,27.8,2403,323,396,695,602,1008.5,8.37%
Effingham,Georgia,46924,25.6,20.1,217.9,56.5,26.8,63.1,14.2,20,6265,892,1318,2756,2441,990.4,2.11%
Elbert,Georgia,20799,27.1,20.5,210.3,61.4,26.3,81.7,13.4,29.5,4587,709,622,1267,1056,1027.1,4.94%
Emanuel,Georgia,22108,27.1,23.8,195.1,62.9,31.5,83.2,16,31.5,5349,621,828,1302,1159,1142.5,5.17%
Evans,Georgia,11443,23.5,17.8,210.9,64.1,35.3,158.5,14.6,18.7,2477,245,381,672,593,1092.1,9.54%
Fannin,Georgia,21887,26.8,20.7,157.4,75.5,30.3,55.3,17.9,30.2,4577,492,897,1396,1088,907.8,4.15%
Fayette,Georgia,104248,20.8,20.1,138.2,43,13.2,52.3,8.3,19.1,5177,2330,3000,6312,5548,778.4,0.75%
Floyd,Georgia,94198,22.5,17.9,196.3,70.6,20.1,60,13.9,29.8,17455,2641,3175,5640,4839,1013.5,1.08%
Forsyth,Georgia,140393,18,21.6,155,55.9,20.1,61.8,14.1,13.9,12960,2325,2996,8176,6796,898.5,0.64%
Franklin,Georgia,21590,26.3,20.4,250.9,56.1,42.7,68,18.4,26.7,4786,600,792,1321,1105,1017.7,4.71%
Fulton,Georgia,915623,29.3,20.6,152.2,52.2,11.4,56.4,8.7,26.9,96140,26339,22639,54648,45880,942.8,0.10%
Gilmer,Georgia,27335,23.8,19,204.7,65.3,33,58.4,17.5,27.6,6331,602,955,1671,1357,927,3.39%
Glynn,Georgia,71874,24,17.9,137.2,60.1,19,64.8,10.5,27.4,8467,1718,2032,4326,3627,929.3,1.29%
Gordon,Georgia,50279,23.8,20.8,179.3,65.6,31.2,82.4,14.1,32.3,11290,1290,1433,2986,2489,1005.3,2.00%
Grady,Georgia,24466,25.9,19.5,205.3,62,30,68.2,14.9,29.6,4748,550,783,1441,1258,1026.2,4.19%
Greene,Georgia,15693,29.3,24.2,210.7,55.3,28.5,79.4,10.4,25.3,3140,467,560,963,805,1039.3,6.62%
Gwinnett,Georgia,726273,23.6,16.3,115.6,51.7,14.9,57.6,9.6,21.8,58182,17829,15666,41823,35869,837.6,0.12%
Habersham,Georgia,39603,33.5,15.3,169.9,62.4,24.1,64,13.2,23.7,7607,847,1135,2411,2061,898.6,2.27%
Hall,Georgia,165771,19.5,19.2,153.1,48.9,19.1,76.3,13.7,23.9,30773,3586,3718,9590,8295,930.5,0.56%
Haralson,Georgia,28338,21.2,19.3,222.3,70.2,37.4,93,19.4,34.4,6970,704,1253,1703,1422,1060.1,3.74%
Harris,Georgia,27779,28.9,19.5,163.6,47,24.1,57.6,18.7,17.8,3973,581,582,1709,1417,900.4,3.24%
Hart,Georgia,24036,26.6,21.5,208.7,55.2,29.4,63.6,13.8,19.4,4773,773,698,1482,1198,974.9,4.06%
Heard,Georgia,11346,22.8,11.9,133.6,61.9,29.4,84.2,15.2,30,2476,303,478,665,570,1042.1,9.18%
Henry,Georgia,167848,29.4,22.9,164.9,65.3,14.4,60.6,14.7,20.9,16629,4178,3112,9711,8555,938.5,0.56%
Houston,Georgia,126163,24.5,19.4,145.1,64.4,15.9,66,9.2,21,12505,2923,2185,7370,6513,977.4,0.77%
Irwin,Georgia,10093,22.7,17.4,224.9,82.5,27.3,60.9,11.3,22.9,2087,277,305,596,526,1044.6,10.35%
Jackson,Georgia,52292,28.9,14.9,200.9,73.4,31.5,89.6,13.8,25.9,10948,1087,1496,3132,2658,1039.9,1.99%
Jasper,Georgia,13147,26.7,27.2,247.7,63.6,34.9,51.1,15.3,22.9,2600,310,379,784,668,1028.7,7.82%
Jeff Davis,Georgia,13083,17.6,20.8,229.8,81.5,41.2,64.2,13.8,26.4,3091,407,481,763,642,1172,8.96%
Jefferson,Georgia,16926,41,23.1,224.9,75.6,33.1,76.9,12.4,22.7,4428,601,685,977,844,1146,6.77%
Jones,Georgia,26836,26.6,18.4,166.3,61.3,24.9,66.2,14.3,24.7,3918,634,677,1617,1372,904,3.37%
Lamar,Georgia,16378,29.1,18.6,154.9,68.3,27.5,79.4,12.7,24.5,3131,509,615,993,845,1023.2,6.25%
Laurens,Georgia,46896,23.5,17,223.2,49.3,30.5,86.6,10.6,30.5,9060,1239,1397,2783,2367,979.7,2.09%
Lee,Georgia,31099,12.4,13.9,157,67.1,16.5,71.1,11.4,15.4,3637,571,637,1841,1679,809.3,2.60%
Liberty,Georgia,57544,24.1,26.1,179.7,77.4,16.7,90.3,12.3,28.8,3918,1536,1527,2957,3028,1064.2,1.85%
Lowndes,Georgia,96705,25,17.4,160.4,71.3,17,86.5,11.8,17.5,12908,2090,2112,5692,5434,1028.9,1.06%
Lumpkin,Georgia,24324,26.3,21,184.1,72.6,25.3,60.1,19.6,22.5,4196,540,632,1467,1392,962.7,3.96%
McDuffie,Georgia,21743,34.8,20.1,148.4,73.9,33.3,82.2,9.1,24.7,4652,752,735,1274,1089,1157.6,5.32%
McIntosh,Georgia,11068,32.6,18.8,174.6,59.3,37.6,75.8,14.4,22.5,2133,280,370,658,541,1031.9,9.32%
Macon,Georgia,13745,19.7,18.4,201.9,59.8,28.5,74.4,11.2,22.9,3234,472,580,813,709,1118.6,8.14%
Madison,Georgia,27289,30,24.4,224.3,61.4,34.3,64.7,12,33.7,5320,660,812,1646,1371,1008.9,3.70%
Meriwether,Georgia,22919,19,15.8,278.8,59.3,30.8,79,10.7,27.1,5122,771,950,1365,1161,1069.4,4.67%
Mitchell,Georgia,23791,19.7,20.5,231.3,79.7,31.8,87.6,12.5,37.2,5232,601,780,1415,1248,1076.9,4.53%
Monroe,Georgia,23785,18.9,22.2,273.8,72,27,61.8,15,27.3,3464,617,703,1448,1258,1057.9,4.45%
Morgan,Georgia,17492,16.3,20.6,265.9,55.8,30.2,63.6,12.1,25.1,3032,396,560,1058,888,937,5.36%
Murray,Georgia,40812,19.7,17.3,158.5,106,28.1,73,10,28.4,10205,952,1319,2395,2048,962.9,2.36%
Muscogee,Georgia,185271,30.9,23.9,208.8,64.7,12.9,69.5,11.4,21.4,23941,5193,5743,10673,9640,1071.7,0.58%
Newton,Georgia,86713,32.6,16.8,179.2,68.5,25.2,81.6,12.1,26.5,13816,2270,2040,5025,4394,977,1.13%
Oconee,Georgia,29748,23.7,16.1,166.8,48.7,18,70.4,8.5,10.7,2518,520,709,1752,1550,801.6,2.69%
Oglethorpe,Georgia,13609,25.4,14.1,174.4,60.5,32,92.5,12.3,20.2,2567,327,355,823,676,919,6.75%
Paulding,Georgia,112411,25.1,21.4,148.5,72.3,22.7,64.9,11.9,25.2,13361,2446,2207,6373,5573,983.1,0.87%
Peach,Georgia,24794,33.9,20.7,198.1,71.7,25.9,64.6,13,25.5,3992,768,644,1485,1421,1090.5,4.40%
Pickens,Georgia,28442,37.2,14.5,120.9,56.1,32.8,53.3,13.4,28.2,5878,554,739,1766,1424,946.3,3.33%
Pierce,Georgia,17119,27.3,20.5,192.2,73.5,31.4,71.6,12.2,29.1,3360,388,701,1031,891,1092.9,6.38%
Pike,Georgia,16128,15,17.3,199.1,66.1,26.6,66.5,12.5,20.7,2615,420,436,972,838,1009.5,6.26%
Polk,Georgia,40479,36.3,14.6,222.3,84.7,29.8,61.9,17.4,28.2,9615,1052,1405,2385,2022,1098.7,2.71%
Pulaski,Georgia,9737,36.2,22.7,243.9,59.9,22.1,107,11.4,37.9,1790,253,291,602,488,1093.6,11.23%
Putnam,Georgia,19829,12.6,23.2,216.2,59.7,34.9,58.4,14.6,27.5,3353,547,626,1232,991,951.2,4.80%
Rabun,Georgia,16087,23.2,20,147.3,53.5,30.9,49.3,10.4,30.6,2804,352,564,1012,801,901.9,5.61%
Richmond,Georgia,195769,28,20.1,174.1,65,16.1,72.5,12,22.9,26394,6444,5305,11316,10262,1129.7,0.58%
Rockdale,Georgia,78545,25.7,19.3,158.1,68.9,13.6,79.5,10.3,24.8,8762,2261,1759,4609,4062,951,1.21%
Screven,Georgia,15430,35.7,30.7,205.5,66.1,32.1,110.9,12.4,21.1,3256,392,514,911,808,1048.5,6.80%
Spalding,Georgia,61289,32.7,21.7,170.3,67.6,18.1,87.2,15.5,23.4,12648,2117,1589,3578,3053,1103.9,1.80%
Stephens,Georgia,25060,43.2,27.2,141.6,58.9,30.6,75.8,14.7,27.7,4821,777,772,1529,1297,1045.9,4.17%
Sumter,Georgia,32912,29.4,14.8,185.6,55.3,17.7,105.9,8.1,27.4,6094,1023,1024,1902,1718,1002.7,3.05%
Tattnall,Georgia,23211,28.5,20.5,223,75.4,29.7,86.3,17.5,21.6,5144,574,724,1424,1235,1078.4,4.65%
Taylor,Georgia,8887,28.3,27.1,240.9,56.4,42.6,100.2,15.4,19.6,2074,259,338,526,455,1111.9,12.51%
Telfair,Georgia,13205,30.8,25.6,246.6,74.6,33.3,107.7,14.7,32.8,3279,345,438,839,713,1196.5,9.06%
Terrell,Georgia,10711,27.2,35.1,206.1,92.2,17.9,79.4,9.7,16.5,2365,325,369,619,544,1111.2,10.37%
Thomas,Georgia,44692,25.7,17.3,154.2,72.6,27.3,91.6,12,24.3,7705,1040,1535,2671,2289,1033.7,2.31%
Tift,Georgia,40793,29.5,20.1,176.3,56.7,21,72.9,12,20.9,8116,1032,1060,2368,2123,968.7,2.37%
Toombs,Georgia,27274,16.7,19.4,103.5,79.1,36.3,92.5,10.2,21.9,5616,819,908,1578,1368,1104,4.05%
Towns,Georgia,10315,26.4,16.1,126.3,47.6,19.5,51.9,16.7,20.8,1893,195,366,678,530,778.3,7.55%
Troup,Georgia,62015,26.3,23.4,185.9,60.3,20.1,87.5,13.2,20,10592,2166,1892,3622,3173,1115.3,1.80%
Twiggs,Georgia,10299,22.7,27.8,232.5,76.6,46.2,76.8,18.4,20.8,2483,340,404,624,537,1144.6,11.11%
Union,Georgia,19782,21.5,20,156.2,59.4,23.1,57.4,12.5,22.1,3706,397,653,1282,1008,836.5,4.23%
Upson,Georgia,27679,19.7,23.3,170.3,58.8,21.6,131,19.1,24.1,6116,823,1129,1671,1411,1139.3,4.12%
Walker,Georgia,63890,28.2,20.3,270.6,92.3,17.3,73,10.3,25.6,14454,1608,2632,3925,3233,1088.5,1.70%
Walton,Georgia,75647,23.9,16.3,236.4,56.9,25.5,79.2,10.8,21.2,12960,1679,1708,4458,3795,948.7,1.25%
Ware,Georgia,34492,21.1,14.7,186,63.7,23.1,73.3,15,27.9,6698,879,1561,2067,1751,1031.6,2.99%
Washington,Georgia,20118,23.1,22.4,162.1,62.7,33.4,73.9,12.2,22.9,4144,588,575,1198,1032,1023.7,5.09%
Wayne,Georgia,28390,14.7,24.3,218.8,60.1,29.6,129.1,11.7,29.6,5628,733,824,1700,1424,1082.8,3.81%
White,Georgia,24055,26.6,18.5,180.7,55.3,21.8,73.2,18.1,19.5,3963,490,654,1488,1225,872.5,3.63%
Whitfield,Georgia,90889,22.9,17.1,167.7,73.6,20.5,73.3,12.2,25.1,20823,2271,2913,5150,4426,994.2,1.09%
Wilkes,Georgia,10457,35.3,23,196,70,36.3,79.7,12,34,2514,319,349,646,524,1037.8,9.92%
Wilkinson,Georgia,10143,26.8,20.3,233.5,69.5,46.6,79.6,20.4,28.9,1954,271,344,603,511,1089.3,10.74%
Worth,Georgia,21996,25.5,19.7,208.5,61.2,30.5,64.4,11.2,25.7,4544,582,692,1304,1113,966.4,4.39%